CREATE DATABASE  IF NOT EXISTS `labmanagement` /*!40100 DEFAULT CHARACTER SET utf8 */;
USE `labmanagement`;
-- MySQL dump 10.13  Distrib 8.0.13, for macos10.14 (x86_64)
--
-- Host: 127.0.0.1    Database: labmanagement
-- ------------------------------------------------------
-- Server version	8.0.13

/*!40101 SET @OLD_CHARACTER_SET_CLIENT=@@CHARACTER_SET_CLIENT */;
/*!40101 SET @OLD_CHARACTER_SET_RESULTS=@@CHARACTER_SET_RESULTS */;
/*!40101 SET @OLD_COLLATION_CONNECTION=@@COLLATION_CONNECTION */;
 SET NAMES utf8 ;
/*!40103 SET @OLD_TIME_ZONE=@@TIME_ZONE */;
/*!40103 SET TIME_ZONE='+00:00' */;
/*!40014 SET @OLD_UNIQUE_CHECKS=@@UNIQUE_CHECKS, UNIQUE_CHECKS=0 */;
/*!40014 SET @OLD_FOREIGN_KEY_CHECKS=@@FOREIGN_KEY_CHECKS, FOREIGN_KEY_CHECKS=0 */;
/*!40101 SET @OLD_SQL_MODE=@@SQL_MODE, SQL_MODE='NO_AUTO_VALUE_ON_ZERO' */;
/*!40111 SET @OLD_SQL_NOTES=@@SQL_NOTES, SQL_NOTES=0 */;

--
-- Table structure for table `CLASSROOM`
--

DROP TABLE IF EXISTS `CLASSROOM`;
/*!40101 SET @saved_cs_client     = @@character_set_client */;
 SET character_set_client = utf8mb4 ;
CREATE TABLE `CLASSROOM` (
  `ROOMID` varchar(6) NOT NULL,
  `ROOMNUMBER` varchar(6) DEFAULT NULL,
  `ADDRESS` varchar(255) DEFAULT NULL,
  `UNAVAILABLEDATE` varchar(255) DEFAULT NULL,
  `NUMBEROFSEAT` int(11) DEFAULT NULL,
  `ACTIVE` bit(1) NOT NULL,
  PRIMARY KEY (`ROOMID`)
) ENGINE=InnoDB DEFAULT CHARSET=utf8;
/*!40101 SET character_set_client = @saved_cs_client */;

--
-- Dumping data for table `CLASSROOM`
--

LOCK TABLES `CLASSROOM` WRITE;
/*!40000 ALTER TABLE `CLASSROOM` DISABLE KEYS */;
INSERT INTO `CLASSROOM` VALUES ('001','1.10','101 Adelaide Street, Winnipeg, Manitoba, Canada','181018:180910:170930:181102:181107:181107:',15,_binary ''),('002','1.11','101 Adelaide Street, Winnipeg, Manitoba, Canada','181018:180910:170930:181102:181107:181107:',12,_binary ''),('003','1.03','100 Adelaide Street, WInnipeg, Manitoba, Canada','181224:181231:',5,_binary '');
/*!40000 ALTER TABLE `CLASSROOM` ENABLE KEYS */;
UNLOCK TABLES;

--
-- Table structure for table `CLIENT`
--

DROP TABLE IF EXISTS `CLIENT`;
/*!40101 SET @saved_cs_client     = @@character_set_client */;
 SET character_set_client = utf8mb4 ;
CREATE TABLE `CLIENT` (
  `CLIENTID` varchar(10) NOT NULL,
  `FIRSTNAME` varchar(45) DEFAULT NULL,
  `LASTNAME` varchar(45) DEFAULT NULL,
  `ADDRESS` varchar(255) DEFAULT NULL,
  `EMAILADDRESS` varchar(255) DEFAULT NULL,
  `REGISTERDATE` datetime DEFAULT NULL,
  `ACTIVE` bit(1) DEFAULT NULL,
  `PHONE` varchar(20) DEFAULT NULL,
  PRIMARY KEY (`CLIENTID`)
) ENGINE=InnoDB DEFAULT CHARSET=utf8;
/*!40101 SET character_set_client = @saved_cs_client */;

--
-- Dumping data for table `CLIENT`
--

LOCK TABLES `CLIENT` WRITE;
/*!40000 ALTER TABLE `CLIENT` DISABLE KEYS */;
INSERT INTO `CLIENT` VALUES ('6000001','ROBERTO1','BUGS1','150 CHARBONNEAU CRESCENT, WINNIPEG, MB, CANADA1','','2018-08-25 05:00:00',_binary '','1 204 456 34561'),('6000003','PHILLIP','NGUYEN','AFSASDF','AFSD','2018-08-19 05:00:00',_binary '','ASDF');
/*!40000 ALTER TABLE `CLIENT` ENABLE KEYS */;
UNLOCK TABLES;

--
-- Table structure for table `CLIENTACTIVITY`
--

DROP TABLE IF EXISTS `CLIENTACTIVITY`;
/*!40101 SET @saved_cs_client     = @@character_set_client */;
 SET character_set_client = utf8mb4 ;
CREATE TABLE `CLIENTACTIVITY` (
  `ACTIVITYID` varchar(25) NOT NULL,
  `CLIENTID` varchar(10) DEFAULT NULL,
  `COURSEID` varchar(6) DEFAULT NULL,
  `INSTRUCTORS` varchar(255) DEFAULT NULL,
  `SESSIONID` int(11) DEFAULT NULL,
  `NOTES` varchar(255) DEFAULT NULL,
  PRIMARY KEY (`ACTIVITYID`),
  UNIQUE KEY `ACTIVITYID_UNIQUE` (`ACTIVITYID`),
  KEY `CLENTID_idx` (`CLIENTID`),
  KEY `COURSEID_idx` (`COURSEID`),
  KEY `SESSIONID_idx` (`SESSIONID`),
  KEY `CLIENTACT.CLIENTID_idx` (`CLIENTID`),
  CONSTRAINT `CLIENTACT.CLIENTID` FOREIGN KEY (`CLIENTID`) REFERENCES `client` (`clientid`),
  CONSTRAINT `CLIENTACT.COURSEID` FOREIGN KEY (`COURSEID`) REFERENCES `course` (`courseid`),
  CONSTRAINT `CLIENTACT.SESSIONID` FOREIGN KEY (`SESSIONID`) REFERENCES `schoolsession` (`sessionid`)
) ENGINE=InnoDB DEFAULT CHARSET=utf8;
/*!40101 SET character_set_client = @saved_cs_client */;

--
-- Dumping data for table `CLIENTACTIVITY`
--

LOCK TABLES `CLIENTACTIVITY` WRITE;
/*!40000 ALTER TABLE `CLIENTACTIVITY` DISABLE KEYS */;
INSERT INTO `CLIENTACTIVITY` VALUES ('6000001181121014814','6000001','MSOF02','6000001:',1,''),('6000001181206151624','6000001','MSOF02','6000002:',5,'Doing some thing'),('6000003181127234713','6000003','MSOF02','6000001:',1,'Doing some thing abc'),('6000003181128025832','6000003','MSOF02','6000002:6000001:',4,'Doing some thing'),('6000003181128224526','6000003','MSOF02','6000002:6000001:',5,'Doing some thing');
/*!40000 ALTER TABLE `CLIENTACTIVITY` ENABLE KEYS */;
UNLOCK TABLES;

--
-- Table structure for table `COURSE`
--

DROP TABLE IF EXISTS `COURSE`;
/*!40101 SET @saved_cs_client     = @@character_set_client */;
 SET character_set_client = utf8mb4 ;
CREATE TABLE `COURSE` (
  `COURSEID` varchar(6) NOT NULL,
  `PROGRAMID` varchar(6) DEFAULT NULL,
  `COURSENAME` varchar(45) DEFAULT NULL,
  `LISTINSTRUCTORID` varchar(45) DEFAULT NULL,
  `STARTDATE` datetime DEFAULT NULL,
  `ENDDATE` datetime DEFAULT NULL,
  `SYLLABUS` varchar(255) DEFAULT NULL,
  `ACTIVE` bit(1) NOT NULL,
  PRIMARY KEY (`COURSEID`),
  KEY `PROGRAMID_idx` (`PROGRAMID`),
  CONSTRAINT `PROGRAMID` FOREIGN KEY (`PROGRAMID`) REFERENCES `program` (`programid`)
) ENGINE=InnoDB DEFAULT CHARSET=utf8;
/*!40101 SET character_set_client = @saved_cs_client */;

--
-- Dumping data for table `COURSE`
--

LOCK TABLES `COURSE` WRITE;
/*!40000 ALTER TABLE `COURSE` DISABLE KEYS */;
INSERT INTO `COURSE` VALUES ('MSOF02','COMP02','MS OFFICE 02','6000001','2018-07-02 05:00:00','2018-10-30 05:00:00','AAAAAAA',_binary '');
/*!40000 ALTER TABLE `COURSE` ENABLE KEYS */;
UNLOCK TABLES;

--
-- Table structure for table `INSTRUCTOR`
--

DROP TABLE IF EXISTS `INSTRUCTOR`;
/*!40101 SET @saved_cs_client     = @@character_set_client */;
 SET character_set_client = utf8mb4 ;
CREATE TABLE `INSTRUCTOR` (
  `INSTRUCTORID` varchar(10) NOT NULL,
  `FIRSTNAME` varchar(45) DEFAULT NULL,
  `LASTNAME` varchar(45) DEFAULT NULL,
  `ADDRESS` varchar(255) DEFAULT NULL,
  `EMAILADDRESS` varchar(255) DEFAULT NULL,
  `STARTDATE` datetime DEFAULT NULL,
  `ACTIVE` bit(1) DEFAULT NULL,
  `PHONE` varchar(20) DEFAULT NULL,
  PRIMARY KEY (`INSTRUCTORID`)
) ENGINE=InnoDB DEFAULT CHARSET=utf8;
/*!40101 SET character_set_client = @saved_cs_client */;

--
-- Dumping data for table `INSTRUCTOR`
--

LOCK TABLES `INSTRUCTOR` WRITE;
/*!40000 ALTER TABLE `INSTRUCTOR` DISABLE KEYS */;
INSERT INTO `INSTRUCTOR` VALUES ('6000001','ROBERTO','BUGGS','130 CHARBONNEAU CRESCENT, WINNIPEG, MB, CANADA','robaa@gmail.com','2018-07-24 05:00:00',_binary '','1 204 456 3356'),('6000002','MARIA','TRAN','108-30 Charbonneau Crescent','vivian06.tran@gmail.com','2018-10-21 05:00:00',_binary '','4319998875'),('6000003','Doan','Duong','107 Camirant Crescent','trieuduong.doan@gmail.com','2016-11-01 05:00:00',_binary '','');
/*!40000 ALTER TABLE `INSTRUCTOR` ENABLE KEYS */;
UNLOCK TABLES;

--
-- Table structure for table `PROGRAM`
--

DROP TABLE IF EXISTS `PROGRAM`;
/*!40101 SET @saved_cs_client     = @@character_set_client */;
 SET character_set_client = utf8mb4 ;
CREATE TABLE `PROGRAM` (
  `PROGRAMID` varchar(6) NOT NULL,
  `PROGRAMNAME` varchar(45) DEFAULT NULL,
  `DESCRIPTION` varchar(255) DEFAULT NULL,
  `ACTIVE` bit(1) DEFAULT b'1',
  PRIMARY KEY (`PROGRAMID`)
) ENGINE=InnoDB DEFAULT CHARSET=utf8;
/*!40101 SET character_set_client = @saved_cs_client */;

--
-- Dumping data for table `PROGRAM`
--

LOCK TABLES `PROGRAM` WRITE;
/*!40000 ALTER TABLE `PROGRAM` DISABLE KEYS */;
INSERT INTO `PROGRAM` VALUES ('COMP01','COMPUTER SKILLS','TESTING UPDATE',_binary ''),('COMP02','COMPUTER (ADVANCED)','TESTING UPDATE 21',_binary ''),('ENGL01','ENGLISH PROGRAM','TESTING',_binary '\0');
/*!40000 ALTER TABLE `PROGRAM` ENABLE KEYS */;
UNLOCK TABLES;

--
-- Table structure for table `SCHOOLSESSION`
--

DROP TABLE IF EXISTS `SCHOOLSESSION`;
/*!40101 SET @saved_cs_client     = @@character_set_client */;
 SET character_set_client = utf8mb4 ;
CREATE TABLE `SCHOOLSESSION` (
  `SESSIONID` int(11) NOT NULL AUTO_INCREMENT,
  `ROOMID` varchar(6) DEFAULT NULL,
  `SESSIONDATE` datetime DEFAULT NULL,
  `STARTTIME` time DEFAULT NULL,
  `ENDTIME` time DEFAULT NULL,
  `CLIENTS` varchar(255) DEFAULT NULL,
  `INSTRUCTORS` varchar(150) DEFAULT NULL,
  `REMARK` varchar(255) DEFAULT NULL,
  `STATUS` varchar(45) DEFAULT NULL,
  PRIMARY KEY (`SESSIONID`),
  UNIQUE KEY `SESSIONID_UNIQUE` (`SESSIONID`),
  KEY `ROOMID_idx` (`ROOMID`),
  CONSTRAINT `ROOMID` FOREIGN KEY (`ROOMID`) REFERENCES `classroom` (`roomid`)
) ENGINE=InnoDB AUTO_INCREMENT=7 DEFAULT CHARSET=utf8;
/*!40101 SET character_set_client = @saved_cs_client */;

--
-- Dumping data for table `SCHOOLSESSION`
--

LOCK TABLES `SCHOOLSESSION` WRITE;
/*!40000 ALTER TABLE `SCHOOLSESSION` DISABLE KEYS */;
INSERT INTO `SCHOOLSESSION` VALUES (1,'001','2020-06-16 05:00:00','18:00:00','20:00:00','6000001:6000003:','6000001:6000002:','ABCDEF1','AVAILABLE'),(4,'001','2020-10-12 05:00:00','19:00:00','21:00:00','6000003:6000001:','6000001:','afdfasfd','AVAILABLE'),(5,'001','2020-01-01 06:00:00','14:00:00','15:00:00','6000001:6000003:','6000001:6000002:6000003:','ABCDEF','AVAILABLE'),(6,'001','2018-10-24 05:00:00','21:00:00','22:00:00','','','','AVAILABLE');
/*!40000 ALTER TABLE `SCHOOLSESSION` ENABLE KEYS */;
UNLOCK TABLES;
/*!40103 SET TIME_ZONE=@OLD_TIME_ZONE */;

/*!40101 SET SQL_MODE=@OLD_SQL_MODE */;
/*!40014 SET FOREIGN_KEY_CHECKS=@OLD_FOREIGN_KEY_CHECKS */;
/*!40014 SET UNIQUE_CHECKS=@OLD_UNIQUE_CHECKS */;
/*!40101 SET CHARACTER_SET_CLIENT=@OLD_CHARACTER_SET_CLIENT */;
/*!40101 SET CHARACTER_SET_RESULTS=@OLD_CHARACTER_SET_RESULTS */;
/*!40101 SET COLLATION_CONNECTION=@OLD_COLLATION_CONNECTION */;
/*!40111 SET SQL_NOTES=@OLD_SQL_NOTES */;

-- Dump completed on 2018-12-06 21:25:57
